row,product,columnE
2,"Karndean Art Select Gluedown Glacier Oak SM-RL21 Luxury Vinyl Tile Flooring","Not blurry - checked"
3,"Karndean Art Select Gluedown Bellota Oak SM-RL27 Luxury Vinyl Tile Flooring","Not blurry - checked"
4,"Karndean Art Select Gluedown Golden Artisan Oak SM-RL31 Luxury Vinyl Tile Flooring","Not blurry - checked"
5,"Karndean Art Select Gluedown Prairie Oak SM-RL20 Luxury Vinyl Tile Flooring","Not blurry - checked"
6,"Karndean Art Select Gluedown Mountain Oak RL22 Luxury Vinyl Tile Flooring","Not blurry - checked"
7,"Karndean Art Select Gluedown Glacier Oak RL21 Luxury Vinyl Tile Flooring","Not blurry - checked"
8,"Karndean Art Select Gluedown Pearl Onyx LM35 Luxury Vinyl Tile Flooring","Not blurry - checked"
9,"TORINO CEMENTO PVT702","Not blurry - checked"
10,"LVPEH857 SPELT HB 660 X 110 8MM 2.32M2","Not blurry - checked"
11,"Karndean Van Gogh Rigid Core Frosted Stone RKT2401 Luxury Vinyl Tile Flooring","Not blurry - checked"
12,"Karndean Van Gogh Gluedown Bronze Castello Marble VGT2416 Luxury Vinyl Tile Flooring","Not blurry - checked"
13,"Karndean Van Gogh Gluedown Urban Grey VGT2402 Luxury Vinyl Tile Flooring","Not blurry - checked"
14,"Karndean Van Gogh Gluedown Neutral Brushed Oak VGW126T Luxury Vinyl Tile Flooring","Not blurry - checked"
15,"Karndean Opus Gluedown Industria SP738 Luxury Vinyl Tile Flooring","Not blurry - checked"
16,"Karndean Opus Gluedown Chalk Grey SP724 Luxury Vinyl Tile Flooring","Not blurry - checked"
17,"Karndean Opus Gluedown Chalk Grey SP725 Luxury Vinyl Tile Flooring","Not blurry - checked"
18,"Karndean Opus Gluedown Concreto SP739 Luxury Vinyl Tile Flooring","Not blurry - checked"
19,"Karndean Knight Tile Gluedown White Painted Oak KP105 Luxury Vinyl Tile Flooring","Not blurry - checked"
20,"Decorfloor – Natural Collection – Stone Effect Milan – 1.44sq m","Not blurry - checked"
21,"Brooks Floor Blenheim Originals M1001 Engineered 6mm European Oak 1900mm x 190mm x 20mm Unfinished","Not blurry - checked"
22,"Brooks Floor Balmoral Originals E2021A Engineered 3mm European Oak 1900mm x 190mm x 14mm Satin Lacquered","Not blurry - checked"
23,"Brooks Floor Balmoral Originals E2017A Engineered 3mm European Oak 1900mm x 190mm x 14mm UV Oiled","Not blurry - checked"
24,"Brooks Floor Engineered BFCH113 4mm European Oak 450mm x 90mm x 14mm Satin Lacquered","Not blurry - checked"
25,"Brooks Floor Herringbone Engineered Eastbury H1019A 4mm European Oak 600mm x 120mm x 15mm UV Oiled","Not blurry - checked"
26,"Brooks Floor Balmoral Colours Raw M4002 3mm European Oak 1900mm x 190mm x 14mm Matt Lacquered","Not blurry - checked"
27,"Brooks Floor Engineered BFCH110 4mm European Oak 450mm x 90mm x 14mm UV Oiled","Not blurry - checked"
28,"Finsa Finfloor XL Honey Eyre Oak 8AJ 10mm Laminate Flooring","Not blurry - checked"
29,"Finsa Finfloor Durable 12 Twilight Oak 36X 12mm Laminate Flooring","Not blurry - checked"
30,"Finsa Finfloor Durable Style Sable Selena Oak 283B 8mm Laminate Flooring","Not blurry - checked"
31,"Finsa Finfloor Durable Style Artic Sovereign Oak 90H 8mm Laminate Flooring","Not blurry - checked"
32,"Finsa Finfloor Eco Original Lofoten Pine 48T 8mm Laminate Flooring","Not blurry - checked"
33,"Milk Oak Herringbone Engineered Wood Flooring 600mm x 150mm x 14mm White Lacquered","Not blurry - checked"
34,"Cargo Oak Herringbone Engineered Wood Flooring 600mm x 150mm x 14mm White Lacquered","Not blurry - checked"
35,"WHITE OILED OAK STY00304[FC49]","Blurry - subject only 394px of a 394x394 file"
36,"HOLLY OAK 001S","Not blurry - checked"
37,"HOLLY OAK 001S","Not blurry - checked"
38,"Natura Herringbone Pinot Oak Engineered Wood Flooring 15/4mm","Not blurry - checked"
39,"Brooks Floor Engineered BFCH113 4mm European Oak 450mm x 90mm x 14mm Satin Lacquered","Not blurry - checked"
40,"Brooks Floor Engineered BFCH112 4mm European Oak 450mm x 90mm x 14mm Brushed Brown Matt Lacquered","Not blurry - checked"
41,"Brooks Floor Engineered BFCH111 4mm European Oak 450mm x 90mm x 14mm Invisible Matt Lacquered","Not blurry - checked"
42,"Amara Beige - Slim Line","Not blurry - checked"
43,"Etna","Not blurry - checked"
44,"Cats - Slim Line","Not blurry - checked"
45,"Candy - Slim Line","Not blurry - checked"
46,"Shark Grey - Slim Line","Not blurry - checked"
47,"Dumawall+ High Gloss Travis","Not blurry - checked"
48,"Decorwall Classic Green Marble","Not blurry - checked"
49,"Decorwall Elite Foil Platinum White","Not blurry - checked"
50,"Decorwall Elegance Mineral Castello","Not blurry - checked"
51,"Decorwall Maxi Panel – Matt Carrera – 2400mm x 900mm x 10mm","Not blurry - checked"
52,"Decorwall Elegance Mineral Lazurite","Not blurry - checked"
53,"RAK-DKM Bath 1800x800mm","Not blurry - checked"
54,"RAK-Washington 1800 x 800 Double Ended Bath","Not blurry - checked"
55,"RAK-Evolution Bath 1750x750mm","Not blurry - checked"
56,"RAK-Washington 1700 x 750 Single Ended Bath","Not blurry - checked"
57,"RAK-Metropolitan Bath 1800x800mm","Not blurry - checked"
58,"RAK-Orient Bath 1700x750mm","Not blurry - checked"
59,"RAK-Metropolitan Bath 1700x700mm","Not blurry - checked"
60,"RAK-Karla Bath 1700x700mm","Not blurry - checked"
61,"RAK-Washington Exposed Thermostatic Shower Column with Fixed Head and Shower Kit","Not blurry - checked"
62,"Round Bar Valve","Blurry - subject only 159px and soft"
63,"Cool Touch Round Exposed Thermostatic Shower Valve with Slide Rail Kit (WRAS)","Blurry - subject only 345px and soft"
64,"RAK-Feeling Glass Panel 1200mm x 2000mm","Not blurry - checked"
65,"RAK-Feeling Glass Panel 1100mm x 2000mm","Not blurry - checked"
66,"RAK-Feeling Glass Panel 1000mm x 2000mm","Not blurry - checked"
67,"RAK-Feeling Glass Panel 700mm x 2000mm","Not blurry - checked"
68,"RAK-Feeling Glass Panel 600mm x 2000mm","Not blurry - checked"
69,"RAK-Petit Square Wall Mounted Shower Set in Chrome","Not blurry - checked"
70,"RAK-Petit Round Wall Mounted Shower Set in Chrome","Not blurry - checked"
71,"250mm Ultra Slim Air Induction Shower Head Round","Not blurry - checked"
72,"Joy Wall Hung Tall Storage Unit (Moka Walnut)","Not blurry - checked"
73,"RAK-Resort 350x1650 Tall Storage Unit Basin Unit in Matt White","Not blurry - checked"
74,"RAK-Prima Tech Wall Mounted Basin Mixer with Back Plate","Not blurry - checked"
75,"Venice Side Lever Kitchen Sink Mixer","Not blurry - checked"
76,"Paris Side Lever Kitchen Sink Mixer","Not blurry - checked"
77,"Paris Side Lever Kitchen Sink Mixer","Not blurry - checked"
78,"Selby Kitchen Sink Mixer","Not blurry - checked"
79,"Paris Side Lever Kitchen Sink Mixer","Not blurry - checked"
80,"Madrid Pull Out Side Lever Kitchen Sink Mixer","Not blurry - checked"
81,"Heatmiser NeoStat Pro Thermostat - White","Not blurry - checked"
82,"Grant Quick Recovery Twin Coil Cylinder","Blurry - subject only 228px and soft"
83,"Grant Quick Recovery Single Coil Slimline Cylinder","Blurry - subject only 254px and soft"
84,"Neptune Slimline In-Direct Unvented Hot Water Storage Cylinder","Not blurry - checked"
85,"Grant Quick Recovery Single Coil Cylinder","Blurry - subject only 268px and soft"
86,"Heatmiser neoAir V3 Smart Thermostat & RF Switch","Not blurry - checked"
87,"EPH Recessed Programmable Thermostat","Not blurry - checked"
88,"Salus SD600 Smart Smoke Detector","Not blurry - checked"
89,"Larger Glade pendant in natural wood","Not blurry - checked"
90,"G9 3 watt frosted bulb dimmable 2700k","Not blurry - checked"
91,"14cm Tall Tapered hand made marbled paper shade in golden piave","Not blurry - checked"
